<?xml version="1.0" encoding="UTF-8"?>
<DEFECTS>
  <DEFECT>
    <SFA>
      <FILEPATH>D:\MyDev\Devel\Misc\MxTools\RD\KDU\KDU\Source\Hamakaze\</FILEPATH>
      <FILENAME>drvmap.cpp</FILENAME>
      <LINE>70</LINE>
      <COLUMN>26</COLUMN>
    </SFA>
    <DEFECTCODE>6011</DEFECTCODE>
    <DESCRIPTION>Dereferencing NULL pointer 'pvPayloadHead.Version.v1'. </DESCRIPTION>
    <FUNCTION>KDUShowPayloadResult</FUNCTION>
    <DECORATED>?KDUShowPayloadResult@@YAXPEAU_KDU_CONTEXT@@PEAX@Z</DECORATED>
    <FUNCLINE>30</FUNCLINE>
    <PROBABILITY>1</PROBABILITY>
    <RANK>4</RANK>
    <CATEGORY>
      <RULECATEGORY>mspft</RULECATEGORY>
    </CATEGORY>
    <PATH>
      <SFA>
        <FILEPATH>D:\MyDev\Devel\Misc\MxTools\RD\KDU\KDU\Source\Hamakaze\</FILEPATH>
        <FILENAME>drvmap.cpp</FILENAME>
        <LINE>35</LINE>
        <COLUMN>13</COLUMN>
      </SFA>
      <SFA>
        <FILEPATH>D:\MyDev\Devel\Misc\MxTools\RD\KDU\KDU\Source\Hamakaze\</FILEPATH>
        <FILENAME>drvmap.cpp</FILENAME>
        <LINE>36</LINE>
        <COLUMN>10</COLUMN>
      </SFA>
      <SFA>
        <FILEPATH>D:\MyDev\Devel\Misc\MxTools\RD\KDU\KDU\Source\Hamakaze\</FILEPATH>
        <FILENAME>drvmap.cpp</FILENAME>
        <LINE>37</LINE>
        <COLUMN>11</COLUMN>
      </SFA>
      <SFA>
        <FILEPATH>D:\MyDev\Devel\Misc\MxTools\RD\KDU\KDU\Source\Hamakaze\</FILEPATH>
        <FILENAME>drvmap.cpp</FILENAME>
        <LINE>46</LINE>
        <COLUMN>6</COLUMN>
      </SFA>
      <SFA>
        <FILEPATH>D:\MyDev\Devel\Misc\MxTools\RD\KDU\KDU\Source\Hamakaze\</FILEPATH>
        <FILENAME>drvmap.cpp</FILENAME>
        <LINE>48</LINE>
        <COLUMN>22</COLUMN>
        <KEYEVENT>
          <ID>1</ID>
          <KIND>declaration</KIND>
          <IMPORTANCE>Essential</IMPORTANCE>
          <MESSAGE>'pvPayloadHead' may be NULL</MESSAGE>
        </KEYEVENT>
      </SFA>
      <SFA>
        <FILEPATH>D:\MyDev\Devel\Misc\MxTools\RD\KDU\KDU\Source\Hamakaze\</FILEPATH>
        <FILENAME>drvmap.cpp</FILENAME>
        <LINE>50</LINE>
        <COLUMN>12</COLUMN>
      </SFA>
      <SFA>
        <FILEPATH>D:\MyDev\Devel\Misc\MxTools\RD\KDU\KDU\Source\Hamakaze\</FILEPATH>
        <FILENAME>drvmap.cpp</FILENAME>
        <LINE>51</LINE>
        <COLUMN>13</COLUMN>
      </SFA>
      <SFA>
        <FILEPATH>D:\MyDev\Devel\Misc\MxTools\RD\KDU\KDU\Source\Hamakaze\</FILEPATH>
        <FILENAME>drvmap.cpp</FILENAME>
        <LINE>53</LINE>
        <COLUMN>13</COLUMN>
        <KEYEVENT>
          <ID>2</ID>
          <KIND>usage</KIND>
          <IMPORTANCE>Full</IMPORTANCE>
          <MESSAGE>'pvPayloadHead' is an Input to 'NtMapViewOfSection' (declared at d:\mydev\devel\misc\mxtools\rd\kdu\kdu\source\shared\ntos\ntos.h:12526)</MESSAGE>
        </KEYEVENT>
      </SFA>
      <SFA>
        <FILEPATH>D:\MyDev\Devel\Misc\MxTools\RD\KDU\KDU\Source\Hamakaze\</FILEPATH>
        <FILENAME>drvmap.cpp</FILENAME>
        <LINE>64</LINE>
        <COLUMN>8</COLUMN>
        <KEYEVENT>
          <ID>3</ID>
          <KIND>branch</KIND>
          <IMPORTANCE>Full</IMPORTANCE>
          <MESSAGE>Enter this branch, (assume '(NTSTATUS)(ntStatus)&gt;=0')</MESSAGE>
        </KEYEVENT>
      </SFA>
      <SFA>
        <FILEPATH>D:\MyDev\Devel\Misc\MxTools\RD\KDU\KDU\Source\Hamakaze\</FILEPATH>
        <FILENAME>drvmap.cpp</FILENAME>
        <LINE>66</LINE>
        <COLUMN>23</COLUMN>
        <KEYEVENT>
          <ID>4</ID>
          <KIND>branch</KIND>
          <IMPORTANCE>Full</IMPORTANCE>
          <MESSAGE>Assume switch ( 'Context-&gt;ShellVersion' ) resolves to case ((2)): </MESSAGE>
        </KEYEVENT>
      </SFA>
      <SFA>
        <FILEPATH>D:\MyDev\Devel\Misc\MxTools\RD\KDU\KDU\Source\Hamakaze\</FILEPATH>
        <FILENAME>drvmap.cpp</FILENAME>
        <LINE>68</LINE>
        <COLUMN>8</COLUMN>
      </SFA>
      <SFA>
        <FILEPATH>D:\MyDev\Devel\Misc\MxTools\RD\KDU\KDU\Source\Hamakaze\</FILEPATH>
        <FILENAME>drvmap.cpp</FILENAME>
        <LINE>70</LINE>
        <COLUMN>26</COLUMN>
        <KEYEVENT>
          <ID>5</ID>
          <KIND>usage</KIND>
          <IMPORTANCE>Essential</IMPORTANCE>
          <MESSAGE>'pvPayloadHead' is dereferenced, but may still be NULL</MESSAGE>
        </KEYEVENT>
      </SFA>
    </PATH>
  </DEFECT>
</DEFECTS>